RV32I,I Base Integer Instruction Set,2.1
xlen,32
""
Extension,Subset,Instruction,Description,Covergroup,Coverpoint,Coverpoint Description,Coverage Level,Pass/Fail Criteria,Test Type,Coverage Method
RV32I,,addi,Add signed immediate,addi_cg,,,,,,
,,,,,cp_asm_count,Number of times instruction is executed,Compliance Basic,Check against Reference Model,Constrained-Random,Functional Coverage
,,,,,cp_rd,RD (GPR) register assignment,Compliance Basic,Check against Reference Model,Constrained-Random,Functional Coverage
,,,,,cp_rd_sign,RD (GPR) sign of value,Compliance Basic,Check against Reference Model,Constrained-Random,Functional Coverage
,,,,,cp_rs1,RS1 (GPR) register assignment,Compliance Basic,Check against Reference Model,Constrained-Random,Functional Coverage
,,,,,cp_rs1_sign,RS1 (GPR) sign of value,Compliance Basic,Check against Reference Model,Constrained-Random,Functional Coverage
,,,,,cp_imm_sign,Immediate value sign,Compliance Basic,Check against Reference Model,Constrained-Random,Functional Coverage
,,,,,cr_rs1_imm,Cross coverage of RS1 sign and Imm sign,Compliance Basic,Check against Reference Model,Constrained-Random,Functional Coverage
,,,,,cmp_rd_rs1_eq,Compare RD and RS1 register assignment,Compliance Extended,Check against Reference Model,Constrained-Random,Functional Coverage
,,,,,cmp_rd_rs1_eqval,Compare RD and RS1 register values,Compliance Extended,Check against Reference Model,Constrained-Random,Functional Coverage
,,,,,cp_rd_toggle,RD Toggle bits,Compliance Extended,Check against Reference Model,Constrained-Random,Functional Coverage
,,,,,cp_rs1_toggle,RS1 Toggle bits,Compliance Extended,Check against Reference Model,Constrained-Random,Functional Coverage
,,,,,cp_rd_maxvals,RD Max values,Compliance Extended,Check against Reference Model,Constrained-Random,Functional Coverage
,,,,,cp_rs1_maxvals,RD Max values,Compliance Extended,Check against Reference Model,Constrained-Random,Functional Coverage
RV32I,,ori,Or signed immediate,ori_cg,,,,,,
,,,,,cp_asm_count,Number of times instruction is executed,Compliance Basic,Check against Reference Model,Constrained-Random,Functional Coverage
,,,,,cp_rd,RD (GPR) register assignment,Compliance Basic,Check against Reference Model,Constrained-Random,Functional Coverage
,,,,,cp_rd_sign,RD (GPR) sign of value,Compliance Basic,Check against Reference Model,Constrained-Random,Functional Coverage
,,,,,cp_rs1,RS1 (GPR) register assignment,Compliance Basic,Check against Reference Model,Constrained-Random,Functional Coverage
,,,,,cp_rs1_sign,RS1 (GPR) sign of value,Compliance Basic,Check against Reference Model,Constrained-Random,Functional Coverage
,,,,,cp_imm_sign,Immediate value sign,Compliance Basic,Check against Reference Model,Constrained-Random,Functional Coverage
,,,,,cr_rs1_imm,Cross coverage of RS1 sign and Imm sign,Compliance Basic,Check against Reference Model,Constrained-Random,Functional Coverage
,,,,,cmp_rd_rs1_eq,Compare RD and RS1 register assignment,Compliance Extended,Check against Reference Model,Constrained-Random,Functional Coverage
,,,,,cmp_rd_rs1_eqval,Compare RD and RS1 register values,Compliance Extended,Check against Reference Model,Constrained-Random,Functional Coverage
,,,,,cp_rd_toggle,RD Toggle bits,Compliance Extended,Check against Reference Model,Constrained-Random,Functional Coverage
,,,,,cp_rs1_toggle,RS1 Toggle bits,Compliance Extended,Check against Reference Model,Constrained-Random,Functional Coverage
,,,,,cp_rd_maxvals,RD Max values,Compliance Extended,Check against Reference Model,Constrained-Random,Functional Coverage
,,,,,cp_rs1_maxvals,RD Max values,Compliance Extended,Check against Reference Model,Constrained-Random,Functional Coverage
RV32I,,andi,And signed immediate,andi_cg,,,,,,
,,,,,cp_asm_count,Number of times instruction is executed,Compliance Basic,Check against Reference Model,Constrained-Random,Functional Coverage
,,,,,cp_rd,RD (GPR) register assignment,Compliance Basic,Check against Reference Model,Constrained-Random,Functional Coverage
,,,,,cp_rd_sign,RD (GPR) sign of value,Compliance Basic,Check against Reference Model,Constrained-Random,Functional Coverage
,,,,,cp_rs1,RS1 (GPR) register assignment,Compliance Basic,Check against Reference Model,Constrained-Random,Functional Coverage
,,,,,cp_rs1_sign,RS1 (GPR) sign of value,Compliance Basic,Check against Reference Model,Constrained-Random,Functional Coverage
,,,,,cp_imm_sign,Immediate value sign,Compliance Basic,Check against Reference Model,Constrained-Random,Functional Coverage
,,,,,cr_rs1_imm,Cross coverage of RS1 sign and Imm sign,Compliance Basic,Check against Reference Model,Constrained-Random,Functional Coverage
,,,,,cmp_rd_rs1_eq,Compare RD and RS1 register assignment,Compliance Extended,Check against Reference Model,Constrained-Random,Functional Coverage
,,,,,cmp_rd_rs1_eqval,Compare RD and RS1 register values,Compliance Extended,Check against Reference Model,Constrained-Random,Functional Coverage
,,,,,cp_rd_toggle,RD Toggle bits,Compliance Extended,Check against Reference Model,Constrained-Random,Functional Coverage
,,,,,cp_rs1_toggle,RS1 Toggle bits,Compliance Extended,Check against Reference Model,Constrained-Random,Functional Coverage
,,,,,cp_rd_maxvals,RD Max values,Compliance Extended,Check against Reference Model,Constrained-Random,Functional Coverage
,,,,,cp_rs1_maxvals,RD Max values,Compliance Extended,Check against Reference Model,Constrained-Random,Functional Coverage
RV32I,,lui,Load Upper Immediate,lui_cg,,,,,,
,,,,,cp_asm_count,Number of times instruction is executed,Compliance Basic,Check against Reference Model,Constrained-Random,Functional Coverage
,,,,,cp_rd,RD (GPR) register assignment,Compliance Basic,Check against Reference Model,Constrained-Random,Functional Coverage
,,,,,cp_rd_sign,RD (GPR) sign of value,Compliance Basic,Check against Reference Model,Constrained-Random,Functional Coverage
,,,,,cp_rd_toggle,RD Toggle bits,Compliance Extended,Check against Reference Model,Constrained-Random,Functional Coverage
,,,,,cp_rd_maxvals,RD Max values,Compliance Extended,Check against Reference Model,Constrained-Random,Functional Coverage
RV32I,,auipc,Add upper immediate to PC,auipc_cg,,,,,,
,,,,,cp_asm_count,Number of times instruction is executed,Compliance Basic,Check against Reference Model,Constrained-Random,Functional Coverage
,,,,,cp_rd,RD (GPR) register assignment,Compliance Basic,Check against Reference Model,Constrained-Random,Functional Coverage
,,,,,cp_rd_sign,RD (GPR) sign of value,Compliance Basic,Check against Reference Model,Constrained-Random,Functional Coverage
,,,,,cp_rd_toggle,RD Toggle bits,Compliance Extended,Check against Reference Model,Constrained-Random,Functional Coverage
,,,,,cp_rd_maxvals,RD Max values,Compliance Extended,Check against Reference Model,Constrained-Random,Functional Coverage
RV32I,,jal,Jump and Link,jal_cg,,,,,,
,,,,,cp_asm_count,Number of times instruction is executed,Compliance Basic,Check against Reference Model,Constrained-Random,Functional Coverage
,,,,,cp_rd,RD (GPR) register assignment,Compliance Basic,Check against Reference Model,Constrained-Random,Functional Coverage
,,,,,cp_rd_toggle,RD Toggle bits,Compliance Extended,Check against Reference Model,Constrained-Random,Functional Coverage
,,,,,cp_rd_maxvals,RD Max values,Compliance Extended,Check against Reference Model,Constrained-Random,Functional Coverage
RV32I,,jalr,"Jump and Link, register",jalr_cg,,,,,,
,,,,,cp_asm_count,Number of times instruction is executed,Compliance Basic,Check against Reference Model,Constrained-Random,Functional Coverage
,,,,,cp_rd,RD (GPR) register assignment,Compliance Basic,Check against Reference Model,Constrained-Random,Functional Coverage
,,,,,cp_imm_sign,Immediate value sign,Compliance Basic,Check against Reference Model,Constrained-Random,Functional Coverage
,,,,,cp_rd_toggle,RD Toggle bits,Compliance Extended,Check against Reference Model,Constrained-Random,Functional Coverage
,,,,,cp_rd_maxvals,RD Max values,Compliance Extended,Check against Reference Model,Constrained-Random,Functional Coverage
RV32I,,beq,Branch if Equal,beq_cg,,,,,,
,,,,,cp_asm_count,Number of times instruction is executed,Compliance Basic,Check against Reference Model,Constrained-Random,Functional Coverage
,,,,,cp_rs1,RS1 (GPR) register assignment,Compliance Basic,Check against Reference Model,Constrained-Random,Functional Coverage
,,,,,cp_rs1_sign,RS1 (GPR) sign of value,Compliance Basic,Check against Reference Model,Constrained-Random,Functional Coverage
,,,,,cp_rs2,RS2 (GPR) register assignment,Compliance Basic,Check against Reference Model,Constrained-Random,Functional Coverage
,,,,,cp_rs2_sign,RS2 (GPR) sign of value,Compliance Basic,Check against Reference Model,Constrained-Random,Functional Coverage
,,,,,cp_offset,Branch Immediate Offset value,Compliance Basic,Check against Reference Model,Constrained-Random,Functional Coverage
,,,,,cr_nord_rs1_rs2,Cross coverage of RS1 sign and RS2 sign,Compliance Basic,Check against Reference Model,Constrained-Random,Functional Coverage
,,,,,cmp_rs1_rs2_eq,Compare RS1 and RS2 register assignment,Compliance Extended,Check against Reference Model,Constrained-Random,Functional Coverage
,,,,,cmp_rs1_rs2_eqval,Compare RS1 and RS2 register values,Compliance Extended,Check against Reference Model,Constrained-Random,Functional Coverage
,,,,,cp_rs1_toggle,RS1 Toggle bits,Compliance Extended,Check against Reference Model,Constrained-Random,Functional Coverage
,,,,,cp_rs2_toggle,RS2 Toggle bits,Compliance Extended,Check against Reference Model,Constrained-Random,Functional Coverage
,,,,,cp_rs1_maxvals,RD Max values,Compliance Extended,Check against Reference Model,Constrained-Random,Functional Coverage
,,,,,cp_rs2_maxvals,RD Max values,Compliance Extended,Check against Reference Model,Constrained-Random,Functional Coverage
RV32I,,bne,Branch if Not Equal,bne_cg,,,,,,
,,,,,cp_asm_count,Number of times instruction is executed,Compliance Basic,Check against Reference Model,Constrained-Random,Functional Coverage
,,,,,cp_rs1,RS1 (GPR) register assignment,Compliance Basic,Check against Reference Model,Constrained-Random,Functional Coverage
,,,,,cp_rs1_sign,RS1 (GPR) sign of value,Compliance Basic,Check against Reference Model,Constrained-Random,Functional Coverage
,,,,,cp_rs2,RS2 (GPR) register assignment,Compliance Basic,Check against Reference Model,Constrained-Random,Functional Coverage
,,,,,cp_rs2_sign,RS2 (GPR) sign of value,Compliance Basic,Check against Reference Model,Constrained-Random,Functional Coverage
,,,,,cp_offset,Branch Immediate Offset value,Compliance Basic,Check against Reference Model,Constrained-Random,Functional Coverage
,,,,,cr_nord_rs1_rs2,Cross coverage of RS1 sign and RS2 sign,Compliance Basic,Check against Reference Model,Constrained-Random,Functional Coverage
,,,,,cmp_rs1_rs2_eq,Compare RS1 and RS2 register assignment,Compliance Extended,Check against Reference Model,Constrained-Random,Functional Coverage
,,,,,cmp_rs1_rs2_eqval,Compare RS1 and RS2 register values,Compliance Extended,Check against Reference Model,Constrained-Random,Functional Coverage
,,,,,cp_rs1_toggle,RS1 Toggle bits,Compliance Extended,Check against Reference Model,Constrained-Random,Functional Coverage
,,,,,cp_rs2_toggle,RS2 Toggle bits,Compliance Extended,Check against Reference Model,Constrained-Random,Functional Coverage
,,,,,cp_rs1_maxvals,RD Max values,Compliance Extended,Check against Reference Model,Constrained-Random,Functional Coverage
,,,,,cp_rs2_maxvals,RD Max values,Compliance Extended,Check against Reference Model,Constrained-Random,Functional Coverage
RV32I,,blt,Branch if Less Than,blt_cg,,,,,,
,,,,,cp_asm_count,Number of times instruction is executed,Compliance Basic,Check against Reference Model,Constrained-Random,Functional Coverage
,,,,,cp_rs1,RS1 (GPR) register assignment,Compliance Basic,Check against Reference Model,Constrained-Random,Functional Coverage
,,,,,cp_rs1_sign,RS1 (GPR) sign of value,Compliance Basic,Check against Reference Model,Constrained-Random,Functional Coverage
,,,,,cp_rs2,RS2 (GPR) register assignment,Compliance Basic,Check against Reference Model,Constrained-Random,Functional Coverage
,,,,,cp_rs2_sign,RS2 (GPR) sign of value,Compliance Basic,Check against Reference Model,Constrained-Random,Functional Coverage
,,,,,cp_offset,Branch Immediate Offset value,Compliance Basic,Check against Reference Model,Constrained-Random,Functional Coverage
,,,,,cr_nord_rs1_rs2,Cross coverage of RS1 sign and RS2 sign,Compliance Basic,Check against Reference Model,Constrained-Random,Functional Coverage
,,,,,cmp_rs1_rs2_eq,Compare RS1 and RS2 register assignment,Compliance Extended,Check against Reference Model,Constrained-Random,Functional Coverage
,,,,,cmp_rs1_rs2_eqval,Compare RS1 and RS2 register values,Compliance Extended,Check against Reference Model,Constrained-Random,Functional Coverage
,,,,,cp_rs1_toggle,RS1 Toggle bits,Compliance Extended,Check against Reference Model,Constrained-Random,Functional Coverage
,,,,,cp_rs2_toggle,RS2 Toggle bits,Compliance Extended,Check against Reference Model,Constrained-Random,Functional Coverage
,,,,,cp_rs1_maxvals,RD Max values,Compliance Extended,Check against Reference Model,Constrained-Random,Functional Coverage
,,,,,cp_rs2_maxvals,RD Max values,Compliance Extended,Check against Reference Model,Constrained-Random,Functional Coverage
RV32I,,bge,Branch if Greater or Equal,bge_cg,,,,,,
,,,,,cp_asm_count,Number of times instruction is executed,Compliance Basic,Check against Reference Model,Constrained-Random,Functional Coverage
,,,,,cp_rs1,RS1 (GPR) register assignment,Compliance Basic,Check against Reference Model,Constrained-Random,Functional Coverage
,,,,,cp_rs1_sign,RS1 (GPR) sign of value,Compliance Basic,Check against Reference Model,Constrained-Random,Functional Coverage
,,,,,cp_rs2,RS2 (GPR) register assignment,Compliance Basic,Check against Reference Model,Constrained-Random,Functional Coverage
,,,,,cp_rs2_sign,RS2 (GPR) sign of value,Compliance Basic,Check against Reference Model,Constrained-Random,Functional Coverage
,,,,,cp_offset,Branch Immediate Offset value,Compliance Basic,Check against Reference Model,Constrained-Random,Functional Coverage
,,,,,cr_nord_rs1_rs2,Cross coverage of RS1 sign and RS2 sign,Compliance Basic,Check against Reference Model,Constrained-Random,Functional Coverage
,,,,,cmp_rs1_rs2_eq,Compare RS1 and RS2 register assignment,Compliance Extended,Check against Reference Model,Constrained-Random,Functional Coverage
,,,,,cmp_rs1_rs2_eqval,Compare RS1 and RS2 register values,Compliance Extended,Check against Reference Model,Constrained-Random,Functional Coverage
,,,,,cp_rs1_toggle,RS1 Toggle bits,Compliance Extended,Check against Reference Model,Constrained-Random,Functional Coverage
,,,,,cp_rs2_toggle,RS2 Toggle bits,Compliance Extended,Check against Reference Model,Constrained-Random,Functional Coverage
,,,,,cp_rs1_maxvals,RD Max values,Compliance Extended,Check against Reference Model,Constrained-Random,Functional Coverage
,,,,,cp_rs2_maxvals,RD Max values,Compliance Extended,Check against Reference Model,Constrained-Random,Functional Coverage
RV32I,,bltu,Branch if Less Than Unsigned,bltu_cg,,,,,,
,,,,,cp_asm_count,Number of times instruction is executed,Compliance Basic,Check against Reference Model,Constrained-Random,Functional Coverage
,,,,,cp_rs1,RS1 (GPR) register assignment,Compliance Basic,Check against Reference Model,Constrained-Random,Functional Coverage
,,,,,cp_rs1_sign,RS1 (GPR) sign of value,Compliance Basic,Check against Reference Model,Constrained-Random,Functional Coverage
,,,,,cp_rs2,RS2 (GPR) register assignment,Compliance Basic,Check against Reference Model,Constrained-Random,Functional Coverage
,,,,,cp_rs2_sign,RS2 (GPR) sign of value,Compliance Basic,Check against Reference Model,Constrained-Random,Functional Coverage
,,,,,cp_offset,Branch Immediate Offset value,Compliance Basic,Check against Reference Model,Constrained-Random,Functional Coverage
,,,,,cr_nord_rs1_rs2,Cross coverage of RS1 sign and RS2 sign,Compliance Basic,Check against Reference Model,Constrained-Random,Functional Coverage
,,,,,cmp_rs1_rs2_eq,Compare RS1 and RS2 register assignment,Compliance Extended,Check against Reference Model,Constrained-Random,Functional Coverage
,,,,,cmp_rs1_rs2_eqval,Compare RS1 and RS2 register values,Compliance Extended,Check against Reference Model,Constrained-Random,Functional Coverage
,,,,,cp_rs1_toggle,RS1 Toggle bits,Compliance Extended,Check against Reference Model,Constrained-Random,Functional Coverage
,,,,,cp_rs2_toggle,RS2 Toggle bits,Compliance Extended,Check against Reference Model,Constrained-Random,Functional Coverage
,,,,,cp_rs1_maxvals,RD Max values,Compliance Extended,Check against Reference Model,Constrained-Random,Functional Coverage
,,,,,cp_rs2_maxvals,RD Max values,Compliance Extended,Check against Reference Model,Constrained-Random,Functional Coverage
RV32I,,bgeu,Branch if Greater or Equal Unsigned,bgeu_cg,,,,,,
,,,,,cp_asm_count,Number of times instruction is executed,Compliance Basic,Check against Reference Model,Constrained-Random,Functional Coverage
,,,,,cp_rs1,RS1 (GPR) register assignment,Compliance Basic,Check against Reference Model,Constrained-Random,Functional Coverage
,,,,,cp_rs1_sign,RS1 (GPR) sign of value,Compliance Basic,Check against Reference Model,Constrained-Random,Functional Coverage
,,,,,cp_rs2,RS2 (GPR) register assignment,Compliance Basic,Check against Reference Model,Constrained-Random,Functional Coverage
,,,,,cp_rs2_sign,RS2 (GPR) sign of value,Compliance Basic,Check against Reference Model,Constrained-Random,Functional Coverage
,,,,,cp_offset,Branch Immediate Offset value,Compliance Basic,Check against Reference Model,Constrained-Random,Functional Coverage
,,,,,cr_nord_rs1_rs2,Cross coverage of RS1 sign and RS2 sign,Compliance Basic,Check against Reference Model,Constrained-Random,Functional Coverage
,,,,,cmp_rs1_rs2_eq,Compare RS1 and RS2 register assignment,Compliance Extended,Check against Reference Model,Constrained-Random,Functional Coverage
,,,,,cmp_rs1_rs2_eqval,Compare RS1 and RS2 register values,Compliance Extended,Check against Reference Model,Constrained-Random,Functional Coverage
,,,,,cp_rs1_toggle,RS1 Toggle bits,Compliance Extended,Check against Reference Model,Constrained-Random,Functional Coverage
,,,,,cp_rs2_toggle,RS2 Toggle bits,Compliance Extended,Check against Reference Model,Constrained-Random,Functional Coverage
,,,,,cp_rs1_maxvals,RD Max values,Compliance Extended,Check against Reference Model,Constrained-Random,Functional Coverage
,,,,,cp_rs2_maxvals,RD Max values,Compliance Extended,Check against Reference Model,Constrained-Random,Functional Coverage
RV32I,,lb,Load Byte (8-bit),lb_cg,,,,,,
,,,,,cp_asm_count,Number of times instruction is executed,Compliance Basic,Check against Reference Model,Constrained-Random,Functional Coverage
,,,,,cp_rd,RD (GPR) register assignment,Compliance Basic,Check against Reference Model,Constrained-Random,Functional Coverage
,,,,,cp_imm_sign,Immediate value sign,Compliance Basic,Check against Reference Model,Constrained-Random,Functional Coverage
,,,,,cp_rd_toggle,RD Toggle bits,Compliance Extended,Check against Reference Model,Constrained-Random,Functional Coverage
,,,,,cp_rd_maxvals,RD Max values,Compliance Extended,Check against Reference Model,Constrained-Random,Functional Coverage
RV32I,,lh,Load Half word (16-bit),lh_cg,,,,,,
,,,,,cp_asm_count,Number of times instruction is executed,Compliance Basic,Check against Reference Model,Constrained-Random,Functional Coverage
,,,,,cp_rd,RD (GPR) register assignment,Compliance Basic,Check against Reference Model,Constrained-Random,Functional Coverage
,,,,,cp_imm_sign,Immediate value sign,Compliance Basic,Check against Reference Model,Constrained-Random,Functional Coverage
,,,,,cp_rd_toggle,RD Toggle bits,Compliance Extended,Check against Reference Model,Constrained-Random,Functional Coverage
,,,,,cp_rd_maxvals,RD Max values,Compliance Extended,Check against Reference Model,Constrained-Random,Functional Coverage
RV32I,,lw,Load Word (32-bit),lw_cg,,,,,,
,,,,,cp_asm_count,Number of times instruction is executed,Compliance Basic,Check against Reference Model,Constrained-Random,Functional Coverage
,,,,,cp_rd,RD (GPR) register assignment,Compliance Basic,Check against Reference Model,Constrained-Random,Functional Coverage
,,,,,cp_imm_sign,Immediate value sign,Compliance Basic,Check against Reference Model,Constrained-Random,Functional Coverage
,,,,,cp_rd_toggle,RD Toggle bits,Compliance Extended,Check against Reference Model,Constrained-Random,Functional Coverage
,,,,,cp_rd_maxvals,RD Max values,Compliance Extended,Check against Reference Model,Constrained-Random,Functional Coverage
RV32I,,lbu,Load Unsigned Byte (8-bit),lbu_cg,,,,,,
,,,,,cp_asm_count,Number of times instruction is executed,Compliance Basic,Check against Reference Model,Constrained-Random,Functional Coverage
,,,,,cp_rd,RD (GPR) register assignment,Compliance Basic,Check against Reference Model,Constrained-Random,Functional Coverage
,,,,,cp_imm_sign,Immediate value sign,Compliance Basic,Check against Reference Model,Constrained-Random,Functional Coverage
,,,,,cp_rd_toggle,RD Toggle bits,Compliance Extended,Check against Reference Model,Constrained-Random,Functional Coverage
,,,,,cp_rd_maxvals,RD Max values,Compliance Extended,Check against Reference Model,Constrained-Random,Functional Coverage
RV32I,,lhu,Load Unsigned Half word (16-bit),lhu_cg,,,,,,
,,,,,cp_asm_count,Number of times instruction is executed,Compliance Basic,Check against Reference Model,Constrained-Random,Functional Coverage
,,,,,cp_rd,RD (GPR) register assignment,Compliance Basic,Check against Reference Model,Constrained-Random,Functional Coverage
,,,,,cp_imm_sign,Immediate value sign,Compliance Basic,Check against Reference Model,Constrained-Random,Functional Coverage
,,,,,cp_rd_toggle,RD Toggle bits,Compliance Extended,Check against Reference Model,Constrained-Random,Functional Coverage
,,,,,cp_rd_maxvals,RD Max values,Compliance Extended,Check against Reference Model,Constrained-Random,Functional Coverage
RV32I,,sb,Store Byte (8-bit),sb_cg,,,,,,
,,,,,cp_asm_count,Number of times instruction is executed,Compliance Basic,Check against Reference Model,Constrained-Random,Functional Coverage
,,,,,cp_rs2,RS2 (GPR) register assignment,Compliance Basic,Check against Reference Model,Constrained-Random,Functional Coverage
,,,,,cp_imm_sign,Immediate value sign,Compliance Basic,Check against Reference Model,Constrained-Random,Functional Coverage
,,,,,cp_rs2_toggle,RS2 Toggle bits,Compliance Extended,Check against Reference Model,Constrained-Random,Functional Coverage
,,,,,cp_rs2_maxvals,RD Max values,Compliance Extended,Check against Reference Model,Constrained-Random,Functional Coverage
RV32I,,sh,Store Half-word (16-bit),sh_cg,,,,,,
,,,,,cp_asm_count,Number of times instruction is executed,Compliance Basic,Check against Reference Model,Constrained-Random,Functional Coverage
,,,,,cp_rs2,RS2 (GPR) register assignment,Compliance Basic,Check against Reference Model,Constrained-Random,Functional Coverage
,,,,,cp_imm_sign,Immediate value sign,Compliance Basic,Check against Reference Model,Constrained-Random,Functional Coverage
,,,,,cp_rs2_toggle,RS2 Toggle bits,Compliance Extended,Check against Reference Model,Constrained-Random,Functional Coverage
,,,,,cp_rs2_maxvals,RD Max values,Compliance Extended,Check against Reference Model,Constrained-Random,Functional Coverage
RV32I,,sw,Store Word (32-bit),sw_cg,,,,,,
,,,,,cp_asm_count,Number of times instruction is executed,Compliance Basic,Check against Reference Model,Constrained-Random,Functional Coverage
,,,,,cp_rs2,RS2 (GPR) register assignment,Compliance Basic,Check against Reference Model,Constrained-Random,Functional Coverage
,,,,,cp_imm_sign,Immediate value sign,Compliance Basic,Check against Reference Model,Constrained-Random,Functional Coverage
,,,,,cp_rs2_toggle,RS2 Toggle bits,Compliance Extended,Check against Reference Model,Constrained-Random,Functional Coverage
,,,,,cp_rs2_maxvals,RD Max values,Compliance Extended,Check against Reference Model,Constrained-Random,Functional Coverage
RV32I,,slti,Set if Less than Immediate,slti_cg,,,,,,
,,,,,cp_asm_count,Number of times instruction is executed,Compliance Basic,Check against Reference Model,Constrained-Random,Functional Coverage
,,,,,cp_rd,RD (GPR) register assignment,Compliance Basic,Check against Reference Model,Constrained-Random,Functional Coverage
,,,,,cp_rs1,RS1 (GPR) register assignment,Compliance Basic,Check against Reference Model,Constrained-Random,Functional Coverage
,,,,,cp_rs1_sign,RS1 (GPR) sign of value,Compliance Basic,Check against Reference Model,Constrained-Random,Functional Coverage
,,,,,cp_imm_sign,Immediate value sign,Compliance Basic,Check against Reference Model,Constrained-Random,Functional Coverage
,,,,,cr_rs1_imm,Cross coverage of RS1 sign and Imm sign,Compliance Basic,Check against Reference Model,Constrained-Random,Functional Coverage
,,,,,cmp_rd_rs1_eq,Compare RD and RS1 register assignment,Compliance Extended,Check against Reference Model,Constrained-Random,Functional Coverage
,,,,,cmp_rd_rs1_eqval,Compare RD and RS1 register values,Compliance Extended,Check against Reference Model,Constrained-Random,Functional Coverage
,,,,,cp_rd_toggle,RD Toggle bits,Compliance Extended,Check against Reference Model,Constrained-Random,Functional Coverage
,,,,,cp_rs1_toggle,RS1 Toggle bits,Compliance Extended,Check against Reference Model,Constrained-Random,Functional Coverage
,,,,,cp_rd_maxvals,RD Max values,Compliance Extended,Check against Reference Model,Constrained-Random,Functional Coverage
,,,,,cp_rs1_maxvals,RD Max values,Compliance Extended,Check against Reference Model,Constrained-Random,Functional Coverage
RV32I,,sltiu,Set if Less than Immediate Unsigned,sltiu_cg,,,,,,
,,,,,cp_asm_count,Number of times instruction is executed,Compliance Basic,Check against Reference Model,Constrained-Random,Functional Coverage
,,,,,cp_rd,RD (GPR) register assignment,Compliance Basic,Check against Reference Model,Constrained-Random,Functional Coverage
,,,,,cp_rs1,RS1 (GPR) register assignment,Compliance Basic,Check against Reference Model,Constrained-Random,Functional Coverage
,,,,,cp_rs1_sign,RS1 (GPR) sign of value,Compliance Basic,Check against Reference Model,Constrained-Random,Functional Coverage
,,,,,cp_imm_sign,Immediate value sign,Compliance Basic,Check against Reference Model,Constrained-Random,Functional Coverage
,,,,,cr_rs1_imm,Cross coverage of RS1 sign and Imm sign,Compliance Basic,Check against Reference Model,Constrained-Random,Functional Coverage
,,,,,cmp_rd_rs1_eq,Compare RD and RS1 register assignment,Compliance Extended,Check against Reference Model,Constrained-Random,Functional Coverage
,,,,,cmp_rd_rs1_eqval,Compare RD and RS1 register values,Compliance Extended,Check against Reference Model,Constrained-Random,Functional Coverage
,,,,,cp_rd_toggle,RD Toggle bits,Compliance Extended,Check against Reference Model,Constrained-Random,Functional Coverage
,,,,,cp_rs1_toggle,RS1 Toggle bits,Compliance Extended,Check against Reference Model,Constrained-Random,Functional Coverage
,,,,,cp_rd_maxvals,RD Max values,Compliance Extended,Check against Reference Model,Constrained-Random,Functional Coverage
,,,,,cp_rs1_maxvals,RD Max values,Compliance Extended,Check against Reference Model,Constrained-Random,Functional Coverage
RV32I,,xori,Exlusive-OR Immediate,xori_cg,,,,,,
,,,,,cp_asm_count,Number of times instruction is executed,Compliance Basic,Check against Reference Model,Constrained-Random,Functional Coverage
,,,,,cp_rd,RD (GPR) register assignment,Compliance Basic,Check against Reference Model,Constrained-Random,Functional Coverage
,,,,,cp_rd_sign,RD (GPR) sign of value,Compliance Basic,Check against Reference Model,Constrained-Random,Functional Coverage
,,,,,cp_rs1,RS1 (GPR) register assignment,Compliance Basic,Check against Reference Model,Constrained-Random,Functional Coverage
,,,,,cp_rs1_sign,RS1 (GPR) sign of value,Compliance Basic,Check against Reference Model,Constrained-Random,Functional Coverage
,,,,,cp_imm_sign,Immediate value sign,Compliance Basic,Check against Reference Model,Constrained-Random,Functional Coverage
,,,,,cr_rs1_imm,Cross coverage of RS1 sign and Imm sign,Compliance Basic,Check against Reference Model,Constrained-Random,Functional Coverage
,,,,,cmp_rd_rs1_eq,Compare RD and RS1 register assignment,Compliance Extended,Check against Reference Model,Constrained-Random,Functional Coverage
,,,,,cmp_rd_rs1_eqval,Compare RD and RS1 register values,Compliance Extended,Check against Reference Model,Constrained-Random,Functional Coverage
,,,,,cp_rd_toggle,RD Toggle bits,Compliance Extended,Check against Reference Model,Constrained-Random,Functional Coverage
,,,,,cp_rs1_toggle,RS1 Toggle bits,Compliance Extended,Check against Reference Model,Constrained-Random,Functional Coverage
,,,,,cp_rd_maxvals,RD Max values,Compliance Extended,Check against Reference Model,Constrained-Random,Functional Coverage
,,,,,cp_rs1_maxvals,RD Max values,Compliance Extended,Check against Reference Model,Constrained-Random,Functional Coverage
RV32I,,slli,Shift Left Logical Immediate,slli_cg,,,,,,
,,,,,cp_asm_count,Number of times instruction is executed,Compliance Basic,Check against Reference Model,Constrained-Random,Functional Coverage
,,,,,cp_rd,RD (GPR) register assignment,Compliance Basic,Check against Reference Model,Constrained-Random,Functional Coverage
,,,,,cp_rd_sign,RD (GPR) sign of value,Compliance Basic,Check against Reference Model,Constrained-Random,Functional Coverage
,,,,,cp_rs1,RS1 (GPR) register assignment,Compliance Basic,Check against Reference Model,Constrained-Random,Functional Coverage
,,,,,cp_rs1_sign,RS1 (GPR) sign of value,Compliance Basic,Check against Reference Model,Constrained-Random,Functional Coverage
,,,,,cmp_rd_rs1_eq,Compare RD and RS1 register assignment,Compliance Extended,Check against Reference Model,Constrained-Random,Functional Coverage
,,,,,cmp_rd_rs1_eqval,Compare RD and RS1 register values,Compliance Extended,Check against Reference Model,Constrained-Random,Functional Coverage
,,,,,cp_rd_toggle,RD Toggle bits,Compliance Extended,Check against Reference Model,Constrained-Random,Functional Coverage
,,,,,cp_rs1_toggle,RS1 Toggle bits,Compliance Extended,Check against Reference Model,Constrained-Random,Functional Coverage
,,,,,cp_rd_maxvals,RD Max values,Compliance Extended,Check against Reference Model,Constrained-Random,Functional Coverage
,,,,,cp_rs1_maxvals,RD Max values,Compliance Extended,Check against Reference Model,Constrained-Random,Functional Coverage
RV32I,,srli,Shift Right Logical Immediate,srli_cg,,,,,,
,,,,,cp_asm_count,Number of times instruction is executed,Compliance Basic,Check against Reference Model,Constrained-Random,Functional Coverage
,,,,,cp_rd,RD (GPR) register assignment,Compliance Basic,Check against Reference Model,Constrained-Random,Functional Coverage
,,,,,cp_rd_sign,RD (GPR) sign of value,Compliance Basic,Check against Reference Model,Constrained-Random,Functional Coverage
,,,,,cp_rs1,RS1 (GPR) register assignment,Compliance Basic,Check against Reference Model,Constrained-Random,Functional Coverage
,,,,,cp_rs1_sign,RS1 (GPR) sign of value,Compliance Basic,Check against Reference Model,Constrained-Random,Functional Coverage
,,,,,cmp_rd_rs1_eq,Compare RD and RS1 register assignment,Compliance Extended,Check against Reference Model,Constrained-Random,Functional Coverage
,,,,,cmp_rd_rs1_eqval,Compare RD and RS1 register values,Compliance Extended,Check against Reference Model,Constrained-Random,Functional Coverage
,,,,,cp_rd_toggle,RD Toggle bits,Compliance Extended,Check against Reference Model,Constrained-Random,Functional Coverage
,,,,,cp_rs1_toggle,RS1 Toggle bits,Compliance Extended,Check against Reference Model,Constrained-Random,Functional Coverage
,,,,,cp_rd_maxvals,RD Max values,Compliance Extended,Check against Reference Model,Constrained-Random,Functional Coverage
,,,,,cp_rs1_maxvals,RD Max values,Compliance Extended,Check against Reference Model,Constrained-Random,Functional Coverage
RV32I,,srai,Shift Right Arithmetic Immediate,srai_cg,,,,,,
,,,,,cp_asm_count,Number of times instruction is executed,Compliance Basic,Check against Reference Model,Constrained-Random,Functional Coverage
,,,,,cp_rd,RD (GPR) register assignment,Compliance Basic,Check against Reference Model,Constrained-Random,Functional Coverage
,,,,,cp_rd_sign,RD (GPR) sign of value,Compliance Basic,Check against Reference Model,Constrained-Random,Functional Coverage
,,,,,cp_rs1,RS1 (GPR) register assignment,Compliance Basic,Check against Reference Model,Constrained-Random,Functional Coverage
,,,,,cp_rs1_sign,RS1 (GPR) sign of value,Compliance Basic,Check against Reference Model,Constrained-Random,Functional Coverage
,,,,,cmp_rd_rs1_eq,Compare RD and RS1 register assignment,Compliance Extended,Check against Reference Model,Constrained-Random,Functional Coverage
,,,,,cmp_rd_rs1_eqval,Compare RD and RS1 register values,Compliance Extended,Check against Reference Model,Constrained-Random,Functional Coverage
,,,,,cp_rd_toggle,RD Toggle bits,Compliance Extended,Check against Reference Model,Constrained-Random,Functional Coverage
,,,,,cp_rs1_toggle,RS1 Toggle bits,Compliance Extended,Check against Reference Model,Constrained-Random,Functional Coverage
,,,,,cp_rd_maxvals,RD Max values,Compliance Extended,Check against Reference Model,Constrained-Random,Functional Coverage
,,,,,cp_rs1_maxvals,RD Max values,Compliance Extended,Check against Reference Model,Constrained-Random,Functional Coverage
RV32I,,add,Add,add_cg,,,,,,
,,,,,cp_asm_count,Number of times instruction is executed,Compliance Basic,Check against Reference Model,Constrained-Random,Functional Coverage
,,,,,cp_rd,RD (GPR) register assignment,Compliance Basic,Check against Reference Model,Constrained-Random,Functional Coverage
,,,,,cp_rd_sign,RD (GPR) sign of value,Compliance Basic,Check against Reference Model,Constrained-Random,Functional Coverage
,,,,,cp_rs1,RS1 (GPR) register assignment,Compliance Basic,Check against Reference Model,Constrained-Random,Functional Coverage
,,,,,cp_rs1_sign,RS1 (GPR) sign of value,Compliance Basic,Check against Reference Model,Constrained-Random,Functional Coverage
,,,,,cp_rs2,RS2 (GPR) register assignment,Compliance Basic,Check against Reference Model,Constrained-Random,Functional Coverage
,,,,,cp_rs2_sign,RS2 (GPR) sign of value,Compliance Basic,Check against Reference Model,Constrained-Random,Functional Coverage
,,,,,cr_rs1_rs2,Cross coverage of RS1 sign and RS2 sign,Compliance Basic,Check against Reference Model,Constrained-Random,Functional Coverage
,,,,,cmp_rd_rs1_eq,Compare RD and RS1 register assignment,Compliance Extended,Check against Reference Model,Constrained-Random,Functional Coverage
,,,,,cmp_rd_rs1_eqval,Compare RD and RS1 register values,Compliance Extended,Check against Reference Model,Constrained-Random,Functional Coverage
,,,,,cmp_rd_rs2_eq,Compare RD and RS2 register assignment,Compliance Extended,Check against Reference Model,Constrained-Random,Functional Coverage
,,,,,cmp_rd_rs2_eqval,Compare RD and RS2 register values,Compliance Extended,Check against Reference Model,Constrained-Random,Functional Coverage
,,,,,cmp_rs1_rs2_eq,Compare RS1 and RS2 register assignment,Compliance Extended,Check against Reference Model,Constrained-Random,Functional Coverage
,,,,,cmp_rs1_rs2_eqval,Compare RS1 and RS2 register values,Compliance Extended,Check against Reference Model,Constrained-Random,Functional Coverage
,,,,,cp_rd_toggle,RD Toggle bits,Compliance Extended,Check against Reference Model,Constrained-Random,Functional Coverage
,,,,,cp_rs1_toggle,RS1 Toggle bits,Compliance Extended,Check against Reference Model,Constrained-Random,Functional Coverage
,,,,,cp_rs2_toggle,RS2 Toggle bits,Compliance Extended,Check against Reference Model,Constrained-Random,Functional Coverage
,,,,,cp_rd_maxvals,RD Max values,Compliance Extended,Check against Reference Model,Constrained-Random,Functional Coverage
,,,,,cp_rs1_maxvals,RD Max values,Compliance Extended,Check against Reference Model,Constrained-Random,Functional Coverage
,,,,,cp_rs2_maxvals,RD Max values,Compliance Extended,Check against Reference Model,Constrained-Random,Functional Coverage
RV32I,,sub,Subtract,sub_cg,,,,,,
,,,,,cp_asm_count,Number of times instruction is executed,Compliance Basic,Check against Reference Model,Constrained-Random,Functional Coverage
,,,,,cp_rd,RD (GPR) register assignment,Compliance Basic,Check against Reference Model,Constrained-Random,Functional Coverage
,,,,,cp_rd_sign,RD (GPR) sign of value,Compliance Basic,Check against Reference Model,Constrained-Random,Functional Coverage
,,,,,cp_rs1,RS1 (GPR) register assignment,Compliance Basic,Check against Reference Model,Constrained-Random,Functional Coverage
,,,,,cp_rs1_sign,RS1 (GPR) sign of value,Compliance Basic,Check against Reference Model,Constrained-Random,Functional Coverage
,,,,,cp_rs2,RS2 (GPR) register assignment,Compliance Basic,Check against Reference Model,Constrained-Random,Functional Coverage
,,,,,cp_rs2_sign,RS2 (GPR) sign of value,Compliance Basic,Check against Reference Model,Constrained-Random,Functional Coverage
,,,,,cr_rs1_rs2,Cross coverage of RS1 sign and RS2 sign,Compliance Basic,Check against Reference Model,Constrained-Random,Functional Coverage
,,,,,cmp_rd_rs1_eq,Compare RD and RS1 register assignment,Compliance Extended,Check against Reference Model,Constrained-Random,Functional Coverage
,,,,,cmp_rd_rs1_eqval,Compare RD and RS1 register values,Compliance Extended,Check against Reference Model,Constrained-Random,Functional Coverage
,,,,,cmp_rd_rs2_eq,Compare RD and RS2 register assignment,Compliance Extended,Check against Reference Model,Constrained-Random,Functional Coverage
,,,,,cmp_rd_rs2_eqval,Compare RD and RS2 register values,Compliance Extended,Check against Reference Model,Constrained-Random,Functional Coverage
,,,,,cmp_rs1_rs2_eq,Compare RS1 and RS2 register assignment,Compliance Extended,Check against Reference Model,Constrained-Random,Functional Coverage
,,,,,cmp_rs1_rs2_eqval,Compare RS1 and RS2 register values,Compliance Extended,Check against Reference Model,Constrained-Random,Functional Coverage
,,,,,cp_rd_toggle,RD Toggle bits,Compliance Extended,Check against Reference Model,Constrained-Random,Functional Coverage
,,,,,cp_rs1_toggle,RS1 Toggle bits,Compliance Extended,Check against Reference Model,Constrained-Random,Functional Coverage
,,,,,cp_rs2_toggle,RS2 Toggle bits,Compliance Extended,Check against Reference Model,Constrained-Random,Functional Coverage
,,,,,cp_rd_maxvals,RD Max values,Compliance Extended,Check against Reference Model,Constrained-Random,Functional Coverage
,,,,,cp_rs1_maxvals,RD Max values,Compliance Extended,Check against Reference Model,Constrained-Random,Functional Coverage
,,,,,cp_rs2_maxvals,RD Max values,Compliance Extended,Check against Reference Model,Constrained-Random,Functional Coverage
RV32I,,sll,Shift Left Logical,sll_cg,,,,,,
,,,,,cp_asm_count,Number of times instruction is executed,Compliance Basic,Check against Reference Model,Constrained-Random,Functional Coverage
,,,,,cp_rd,RD (GPR) register assignment,Compliance Basic,Check against Reference Model,Constrained-Random,Functional Coverage
,,,,,cp_rd_sign,RD (GPR) sign of value,Compliance Basic,Check against Reference Model,Constrained-Random,Functional Coverage
,,,,,cp_rs1,RS1 (GPR) register assignment,Compliance Basic,Check against Reference Model,Constrained-Random,Functional Coverage
,,,,,cp_rs1_sign,RS1 (GPR) sign of value,Compliance Basic,Check against Reference Model,Constrained-Random,Functional Coverage
,,,,,cp_rs2,RS2 (GPR) register assignment,Compliance Basic,Check against Reference Model,Constrained-Random,Functional Coverage
,,,,,cmp_rd_rs1_eq,Compare RD and RS1 register assignment,Compliance Extended,Check against Reference Model,Constrained-Random,Functional Coverage
,,,,,cmp_rd_rs1_eqval,Compare RD and RS1 register values,Compliance Extended,Check against Reference Model,Constrained-Random,Functional Coverage
,,,,,cmp_rd_rs2_eq,Compare RD and RS2 register assignment,Compliance Extended,Check against Reference Model,Constrained-Random,Functional Coverage
,,,,,cmp_rd_rs2_eqval,Compare RD and RS2 register values,Compliance Extended,Check against Reference Model,Constrained-Random,Functional Coverage
,,,,,cmp_rs1_rs2_eq,Compare RS1 and RS2 register assignment,Compliance Extended,Check against Reference Model,Constrained-Random,Functional Coverage
,,,,,cmp_rs1_rs2_eqval,Compare RS1 and RS2 register values,Compliance Extended,Check against Reference Model,Constrained-Random,Functional Coverage
,,,,,cp_rd_toggle,RD Toggle bits,Compliance Extended,Check against Reference Model,Constrained-Random,Functional Coverage
,,,,,cp_rs1_toggle,RS1 Toggle bits,Compliance Extended,Check against Reference Model,Constrained-Random,Functional Coverage
,,,,,cp_rs2_toggle,RS2 Toggle bits,Compliance Extended,Check against Reference Model,Constrained-Random,Functional Coverage
,,,,,cp_rd_maxvals,RD Max values,Compliance Extended,Check against Reference Model,Constrained-Random,Functional Coverage
,,,,,cp_rs1_maxvals,RD Max values,Compliance Extended,Check against Reference Model,Constrained-Random,Functional Coverage
,,,,,cp_rs2_maxvals,RD Max values,Compliance Extended,Check against Reference Model,Constrained-Random,Functional Coverage
RV32I,,slt,Set if Less Than,slt_cg,,,,,,
,,,,,cp_asm_count,Number of times instruction is executed,Compliance Basic,Check against Reference Model,Constrained-Random,Functional Coverage
,,,,,cp_rd,RD (GPR) register assignment,Compliance Basic,Check against Reference Model,Constrained-Random,Functional Coverage
,,,,,cp_rs1,RS1 (GPR) register assignment,Compliance Basic,Check against Reference Model,Constrained-Random,Functional Coverage
,,,,,cp_rs1_sign,RS1 (GPR) sign of value,Compliance Basic,Check against Reference Model,Constrained-Random,Functional Coverage
,,,,,cp_rs2,RS2 (GPR) register assignment,Compliance Basic,Check against Reference Model,Constrained-Random,Functional Coverage
,,,,,cp_rs2_sign,RS2 (GPR) sign of value,Compliance Basic,Check against Reference Model,Constrained-Random,Functional Coverage
,,,,,cr_rs1_rs2,Cross coverage of RS1 sign and RS2 sign,Compliance Basic,Check against Reference Model,Constrained-Random,Functional Coverage
,,,,,cmp_rd_rs1_eq,Compare RD and RS1 register assignment,Compliance Extended,Check against Reference Model,Constrained-Random,Functional Coverage
,,,,,cmp_rd_rs1_eqval,Compare RD and RS1 register values,Compliance Extended,Check against Reference Model,Constrained-Random,Functional Coverage
,,,,,cmp_rd_rs2_eq,Compare RD and RS2 register assignment,Compliance Extended,Check against Reference Model,Constrained-Random,Functional Coverage
,,,,,cmp_rd_rs2_eqval,Compare RD and RS2 register values,Compliance Extended,Check against Reference Model,Constrained-Random,Functional Coverage
,,,,,cmp_rs1_rs2_eq,Compare RS1 and RS2 register assignment,Compliance Extended,Check against Reference Model,Constrained-Random,Functional Coverage
,,,,,cmp_rs1_rs2_eqval,Compare RS1 and RS2 register values,Compliance Extended,Check against Reference Model,Constrained-Random,Functional Coverage
,,,,,cp_rd_toggle,RD Toggle bits,Compliance Extended,Check against Reference Model,Constrained-Random,Functional Coverage
,,,,,cp_rs1_toggle,RS1 Toggle bits,Compliance Extended,Check against Reference Model,Constrained-Random,Functional Coverage
,,,,,cp_rs2_toggle,RS2 Toggle bits,Compliance Extended,Check against Reference Model,Constrained-Random,Functional Coverage
,,,,,cp_rd_maxvals,RD Max values,Compliance Extended,Check against Reference Model,Constrained-Random,Functional Coverage
,,,,,cp_rs1_maxvals,RD Max values,Compliance Extended,Check against Reference Model,Constrained-Random,Functional Coverage
,,,,,cp_rs2_maxvals,RD Max values,Compliance Extended,Check against Reference Model,Constrained-Random,Functional Coverage
RV32I,,sltu,Set if Less Than Unsigned,sltu_cg,,,,,,
,,,,,cp_asm_count,Number of times instruction is executed,Compliance Basic,Check against Reference Model,Constrained-Random,Functional Coverage
,,,,,cp_rd,RD (GPR) register assignment,Compliance Basic,Check against Reference Model,Constrained-Random,Functional Coverage
,,,,,cp_rs1,RS1 (GPR) register assignment,Compliance Basic,Check against Reference Model,Constrained-Random,Functional Coverage
,,,,,cp_rs1_sign,RS1 (GPR) sign of value,Compliance Basic,Check against Reference Model,Constrained-Random,Functional Coverage
,,,,,cp_rs2,RS2 (GPR) register assignment,Compliance Basic,Check against Reference Model,Constrained-Random,Functional Coverage
,,,,,cp_rs2_sign,RS2 (GPR) sign of value,Compliance Basic,Check against Reference Model,Constrained-Random,Functional Coverage
,,,,,cr_rs1_rs2,Cross coverage of RS1 sign and RS2 sign,Compliance Basic,Check against Reference Model,Constrained-Random,Functional Coverage
,,,,,cmp_rd_rs1_eq,Compare RD and RS1 register assignment,Compliance Extended,Check against Reference Model,Constrained-Random,Functional Coverage
,,,,,cmp_rd_rs1_eqval,Compare RD and RS1 register values,Compliance Extended,Check against Reference Model,Constrained-Random,Functional Coverage
,,,,,cmp_rd_rs2_eq,Compare RD and RS2 register assignment,Compliance Extended,Check against Reference Model,Constrained-Random,Functional Coverage
,,,,,cmp_rd_rs2_eqval,Compare RD and RS2 register values,Compliance Extended,Check against Reference Model,Constrained-Random,Functional Coverage
,,,,,cmp_rs1_rs2_eq,Compare RS1 and RS2 register assignment,Compliance Extended,Check against Reference Model,Constrained-Random,Functional Coverage
,,,,,cmp_rs1_rs2_eqval,Compare RS1 and RS2 register values,Compliance Extended,Check against Reference Model,Constrained-Random,Functional Coverage
,,,,,cp_rd_toggle,RD Toggle bits,Compliance Extended,Check against Reference Model,Constrained-Random,Functional Coverage
,,,,,cp_rs1_toggle,RS1 Toggle bits,Compliance Extended,Check against Reference Model,Constrained-Random,Functional Coverage
,,,,,cp_rs2_toggle,RS2 Toggle bits,Compliance Extended,Check against Reference Model,Constrained-Random,Functional Coverage
,,,,,cp_rd_maxvals,RD Max values,Compliance Extended,Check against Reference Model,Constrained-Random,Functional Coverage
,,,,,cp_rs1_maxvals,RD Max values,Compliance Extended,Check against Reference Model,Constrained-Random,Functional Coverage
,,,,,cp_rs2_maxvals,RD Max values,Compliance Extended,Check against Reference Model,Constrained-Random,Functional Coverage
RV32I,,xor,Exlusive OR,xor_cg,,,,,,
,,,,,cp_asm_count,Number of times instruction is executed,Compliance Basic,Check against Reference Model,Constrained-Random,Functional Coverage
,,,,,cp_rd,RD (GPR) register assignment,Compliance Basic,Check against Reference Model,Constrained-Random,Functional Coverage
,,,,,cp_rd_sign,RD (GPR) sign of value,Compliance Basic,Check against Reference Model,Constrained-Random,Functional Coverage
,,,,,cp_rs1,RS1 (GPR) register assignment,Compliance Basic,Check against Reference Model,Constrained-Random,Functional Coverage
,,,,,cp_rs1_sign,RS1 (GPR) sign of value,Compliance Basic,Check against Reference Model,Constrained-Random,Functional Coverage
,,,,,cp_rs2,RS2 (GPR) register assignment,Compliance Basic,Check against Reference Model,Constrained-Random,Functional Coverage
,,,,,cp_rs2_sign,RS2 (GPR) sign of value,Compliance Basic,Check against Reference Model,Constrained-Random,Functional Coverage
,,,,,cr_rs1_rs2,Cross coverage of RS1 sign and RS2 sign,Compliance Basic,Check against Reference Model,Constrained-Random,Functional Coverage
,,,,,cmp_rd_rs1_eq,Compare RD and RS1 register assignment,Compliance Extended,Check against Reference Model,Constrained-Random,Functional Coverage
,,,,,cmp_rd_rs1_eqval,Compare RD and RS1 register values,Compliance Extended,Check against Reference Model,Constrained-Random,Functional Coverage
,,,,,cmp_rd_rs2_eq,Compare RD and RS2 register assignment,Compliance Extended,Check against Reference Model,Constrained-Random,Functional Coverage
,,,,,cmp_rd_rs2_eqval,Compare RD and RS2 register values,Compliance Extended,Check against Reference Model,Constrained-Random,Functional Coverage
,,,,,cmp_rs1_rs2_eq,Compare RS1 and RS2 register assignment,Compliance Extended,Check against Reference Model,Constrained-Random,Functional Coverage
,,,,,cmp_rs1_rs2_eqval,Compare RS1 and RS2 register values,Compliance Extended,Check against Reference Model,Constrained-Random,Functional Coverage
,,,,,cp_rd_toggle,RD Toggle bits,Compliance Extended,Check against Reference Model,Constrained-Random,Functional Coverage
,,,,,cp_rs1_toggle,RS1 Toggle bits,Compliance Extended,Check against Reference Model,Constrained-Random,Functional Coverage
,,,,,cp_rs2_toggle,RS2 Toggle bits,Compliance Extended,Check against Reference Model,Constrained-Random,Functional Coverage
,,,,,cp_rd_maxvals,RD Max values,Compliance Extended,Check against Reference Model,Constrained-Random,Functional Coverage
,,,,,cp_rs1_maxvals,RD Max values,Compliance Extended,Check against Reference Model,Constrained-Random,Functional Coverage
,,,,,cp_rs2_maxvals,RD Max values,Compliance Extended,Check against Reference Model,Constrained-Random,Functional Coverage
RV32I,,srl,Shift Right Logical,srl_cg,,,,,,
,,,,,cp_asm_count,Number of times instruction is executed,Compliance Basic,Check against Reference Model,Constrained-Random,Functional Coverage
,,,,,cp_rd,RD (GPR) register assignment,Compliance Basic,Check against Reference Model,Constrained-Random,Functional Coverage
,,,,,cp_rd_sign,RD (GPR) sign of value,Compliance Basic,Check against Reference Model,Constrained-Random,Functional Coverage
,,,,,cp_rs1,RS1 (GPR) register assignment,Compliance Basic,Check against Reference Model,Constrained-Random,Functional Coverage
,,,,,cp_rs1_sign,RS1 (GPR) sign of value,Compliance Basic,Check against Reference Model,Constrained-Random,Functional Coverage
,,,,,cp_rs2,RS2 (GPR) register assignment,Compliance Basic,Check against Reference Model,Constrained-Random,Functional Coverage
,,,,,cmp_rd_rs1_eq,Compare RD and RS1 register assignment,Compliance Extended,Check against Reference Model,Constrained-Random,Functional Coverage
,,,,,cmp_rd_rs1_eqval,Compare RD and RS1 register values,Compliance Extended,Check against Reference Model,Constrained-Random,Functional Coverage
,,,,,cmp_rd_rs2_eq,Compare RD and RS2 register assignment,Compliance Extended,Check against Reference Model,Constrained-Random,Functional Coverage
,,,,,cmp_rd_rs2_eqval,Compare RD and RS2 register values,Compliance Extended,Check against Reference Model,Constrained-Random,Functional Coverage
,,,,,cmp_rs1_rs2_eq,Compare RS1 and RS2 register assignment,Compliance Extended,Check against Reference Model,Constrained-Random,Functional Coverage
,,,,,cmp_rs1_rs2_eqval,Compare RS1 and RS2 register values,Compliance Extended,Check against Reference Model,Constrained-Random,Functional Coverage
,,,,,cp_rd_toggle,RD Toggle bits,Compliance Extended,Check against Reference Model,Constrained-Random,Functional Coverage
,,,,,cp_rs1_toggle,RS1 Toggle bits,Compliance Extended,Check against Reference Model,Constrained-Random,Functional Coverage
,,,,,cp_rs2_toggle,RS2 Toggle bits,Compliance Extended,Check against Reference Model,Constrained-Random,Functional Coverage
,,,,,cp_rd_maxvals,RD Max values,Compliance Extended,Check against Reference Model,Constrained-Random,Functional Coverage
,,,,,cp_rs1_maxvals,RD Max values,Compliance Extended,Check against Reference Model,Constrained-Random,Functional Coverage
,,,,,cp_rs2_maxvals,RD Max values,Compliance Extended,Check against Reference Model,Constrained-Random,Functional Coverage
RV32I,,sra,Shift Right Arithmetic,sra_cg,,,,,,
,,,,,cp_asm_count,Number of times instruction is executed,Compliance Basic,Check against Reference Model,Constrained-Random,Functional Coverage
,,,,,cp_rd,RD (GPR) register assignment,Compliance Basic,Check against Reference Model,Constrained-Random,Functional Coverage
,,,,,cp_rd_sign,RD (GPR) sign of value,Compliance Basic,Check against Reference Model,Constrained-Random,Functional Coverage
,,,,,cp_rs1,RS1 (GPR) register assignment,Compliance Basic,Check against Reference Model,Constrained-Random,Functional Coverage
,,,,,cp_rs1_sign,RS1 (GPR) sign of value,Compliance Basic,Check against Reference Model,Constrained-Random,Functional Coverage
,,,,,cp_rs2,RS2 (GPR) register assignment,Compliance Basic,Check against Reference Model,Constrained-Random,Functional Coverage
,,,,,cmp_rd_rs1_eq,Compare RD and RS1 register assignment,Compliance Extended,Check against Reference Model,Constrained-Random,Functional Coverage
,,,,,cmp_rd_rs1_eqval,Compare RD and RS1 register values,Compliance Extended,Check against Reference Model,Constrained-Random,Functional Coverage
,,,,,cmp_rd_rs2_eq,Compare RD and RS2 register assignment,Compliance Extended,Check against Reference Model,Constrained-Random,Functional Coverage
,,,,,cmp_rd_rs2_eqval,Compare RD and RS2 register values,Compliance Extended,Check against Reference Model,Constrained-Random,Functional Coverage
,,,,,cmp_rs1_rs2_eq,Compare RS1 and RS2 register assignment,Compliance Extended,Check against Reference Model,Constrained-Random,Functional Coverage
,,,,,cmp_rs1_rs2_eqval,Compare RS1 and RS2 register values,Compliance Extended,Check against Reference Model,Constrained-Random,Functional Coverage
,,,,,cp_rd_toggle,RD Toggle bits,Compliance Extended,Check against Reference Model,Constrained-Random,Functional Coverage
,,,,,cp_rs1_toggle,RS1 Toggle bits,Compliance Extended,Check against Reference Model,Constrained-Random,Functional Coverage
,,,,,cp_rs2_toggle,RS2 Toggle bits,Compliance Extended,Check against Reference Model,Constrained-Random,Functional Coverage
,,,,,cp_rd_maxvals,RD Max values,Compliance Extended,Check against Reference Model,Constrained-Random,Functional Coverage
,,,,,cp_rs1_maxvals,RD Max values,Compliance Extended,Check against Reference Model,Constrained-Random,Functional Coverage
,,,,,cp_rs2_maxvals,RD Max values,Compliance Extended,Check against Reference Model,Constrained-Random,Functional Coverage
RV32I,,or,OR,or_cg,,,,,,
,,,,,cp_asm_count,Number of times instruction is executed,Compliance Basic,Check against Reference Model,Constrained-Random,Functional Coverage
,,,,,cp_rd,RD (GPR) register assignment,Compliance Basic,Check against Reference Model,Constrained-Random,Functional Coverage
,,,,,cp_rd_sign,RD (GPR) sign of value,Compliance Basic,Check against Reference Model,Constrained-Random,Functional Coverage
,,,,,cp_rs1,RS1 (GPR) register assignment,Compliance Basic,Check against Reference Model,Constrained-Random,Functional Coverage
,,,,,cp_rs1_sign,RS1 (GPR) sign of value,Compliance Basic,Check against Reference Model,Constrained-Random,Functional Coverage
,,,,,cp_rs2,RS2 (GPR) register assignment,Compliance Basic,Check against Reference Model,Constrained-Random,Functional Coverage
,,,,,cp_rs2_sign,RS2 (GPR) sign of value,Compliance Basic,Check against Reference Model,Constrained-Random,Functional Coverage
,,,,,cr_rs1_rs2,Cross coverage of RS1 sign and RS2 sign,Compliance Basic,Check against Reference Model,Constrained-Random,Functional Coverage
,,,,,cmp_rd_rs1_eq,Compare RD and RS1 register assignment,Compliance Extended,Check against Reference Model,Constrained-Random,Functional Coverage
,,,,,cmp_rd_rs1_eqval,Compare RD and RS1 register values,Compliance Extended,Check against Reference Model,Constrained-Random,Functional Coverage
,,,,,cmp_rd_rs2_eq,Compare RD and RS2 register assignment,Compliance Extended,Check against Reference Model,Constrained-Random,Functional Coverage
,,,,,cmp_rd_rs2_eqval,Compare RD and RS2 register values,Compliance Extended,Check against Reference Model,Constrained-Random,Functional Coverage
,,,,,cmp_rs1_rs2_eq,Compare RS1 and RS2 register assignment,Compliance Extended,Check against Reference Model,Constrained-Random,Functional Coverage
,,,,,cmp_rs1_rs2_eqval,Compare RS1 and RS2 register values,Compliance Extended,Check against Reference Model,Constrained-Random,Functional Coverage
,,,,,cp_rd_toggle,RD Toggle bits,Compliance Extended,Check against Reference Model,Constrained-Random,Functional Coverage
,,,,,cp_rs1_toggle,RS1 Toggle bits,Compliance Extended,Check against Reference Model,Constrained-Random,Functional Coverage
,,,,,cp_rs2_toggle,RS2 Toggle bits,Compliance Extended,Check against Reference Model,Constrained-Random,Functional Coverage
,,,,,cp_rd_maxvals,RD Max values,Compliance Extended,Check against Reference Model,Constrained-Random,Functional Coverage
,,,,,cp_rs1_maxvals,RD Max values,Compliance Extended,Check against Reference Model,Constrained-Random,Functional Coverage
,,,,,cp_rs2_maxvals,RD Max values,Compliance Extended,Check against Reference Model,Constrained-Random,Functional Coverage
RV32I,,and,AND,and_cg,,,,,,
,,,,,cp_asm_count,Number of times instruction is executed,Compliance Basic,Check against Reference Model,Constrained-Random,Functional Coverage
,,,,,cp_rd,RD (GPR) register assignment,Compliance Basic,Check against Reference Model,Constrained-Random,Functional Coverage
,,,,,cp_rd_sign,RD (GPR) sign of value,Compliance Basic,Check against Reference Model,Constrained-Random,Functional Coverage
,,,,,cp_rs1,RS1 (GPR) register assignment,Compliance Basic,Check against Reference Model,Constrained-Random,Functional Coverage
,,,,,cp_rs1_sign,RS1 (GPR) sign of value,Compliance Basic,Check against Reference Model,Constrained-Random,Functional Coverage
,,,,,cp_rs2,RS2 (GPR) register assignment,Compliance Basic,Check against Reference Model,Constrained-Random,Functional Coverage
,,,,,cp_rs2_sign,RS2 (GPR) sign of value,Compliance Basic,Check against Reference Model,Constrained-Random,Functional Coverage
,,,,,cr_rs1_rs2,Cross coverage of RS1 sign and RS2 sign,Compliance Basic,Check against Reference Model,Constrained-Random,Functional Coverage
,,,,,cmp_rd_rs1_eq,Compare RD and RS1 register assignment,Compliance Extended,Check against Reference Model,Constrained-Random,Functional Coverage
,,,,,cmp_rd_rs1_eqval,Compare RD and RS1 register values,Compliance Extended,Check against Reference Model,Constrained-Random,Functional Coverage
,,,,,cmp_rd_rs2_eq,Compare RD and RS2 register assignment,Compliance Extended,Check against Reference Model,Constrained-Random,Functional Coverage
,,,,,cmp_rd_rs2_eqval,Compare RD and RS2 register values,Compliance Extended,Check against Reference Model,Constrained-Random,Functional Coverage
,,,,,cmp_rs1_rs2_eq,Compare RS1 and RS2 register assignment,Compliance Extended,Check against Reference Model,Constrained-Random,Functional Coverage
,,,,,cmp_rs1_rs2_eqval,Compare RS1 and RS2 register values,Compliance Extended,Check against Reference Model,Constrained-Random,Functional Coverage
,,,,,cp_rd_toggle,RD Toggle bits,Compliance Extended,Check against Reference Model,Constrained-Random,Functional Coverage
,,,,,cp_rs1_toggle,RS1 Toggle bits,Compliance Extended,Check against Reference Model,Constrained-Random,Functional Coverage
,,,,,cp_rs2_toggle,RS2 Toggle bits,Compliance Extended,Check against Reference Model,Constrained-Random,Functional Coverage
,,,,,cp_rd_maxvals,RD Max values,Compliance Extended,Check against Reference Model,Constrained-Random,Functional Coverage
,,,,,cp_rs1_maxvals,RD Max values,Compliance Extended,Check against Reference Model,Constrained-Random,Functional Coverage
,,,,,cp_rs2_maxvals,RD Max values,Compliance Extended,Check against Reference Model,Constrained-Random,Functional Coverage
